month,monthly_revenue
February,2505094.8000000003
November,2625428.5199999954
April,2678973.769999997
December,2721394.939999998
September,2744974.920000006
June,2746947.620000005
March,2759003.8299999945
October,2760754.339999994
July,2788265.840000008
May,2806178.3400000087
August,2845629.940000004
January,2883926.879999996
