payment_method,orders,revenue
UPI,10078,6579441.439999999
"Credit Card",9908,6540087.16000001
Wallet,10106,6678638.470000032
"Cash on Delivery",9927,6546386.939999957
"Debit Card",9981,6522019.729999988
