product_category,revenue
Beauty,5550624.970000026
Books,5484863.029999998
Fashion,5480123.339999994
"Home & Kitchen",5473132.549999997
Electronics,5470594.030000019
Sports,5407235.819999999
