customer_region,revenue_reg
"Middle East",8301844.50000002
"North America",8277217.839999947
Asia,8175199.830000022
Europe,8112311.569999993
